
INSERT INTO PRODUCTS (ID,NAME,DETAILS,PRICE,MEDIA_ID) VALUES (8,'magna','sit amet orci.',62,2),(9,'est','ornare.',79,2),(10,'tempus mauris','dui. Fusce diam',10,2),(11,'non,','molestie orci',54,1),(12,'dictum','dictum augue',78,1),(13,'nec, malesuada','montes, nascetur',35,2),(14,'non,','ac',34,2),(15,'Proin sed','tortor, dictum',81,1),(16,'neque. Morbi','Integer ID',52,1),(17,'facilisi.','penatibus',40,2);
INSERT INTO PRODUCTS (ID,NAME,DETAILS,PRICE,MEDIA_ID) VALUES (18,'Proin','pede ac',59,2),(19,'neque non','tellus sem mollis',48,1),(20,'ID, blandit','mattis',90,2),(21,'ante bibendum','dolor vitae',91,1),(22,'tellus,','Cras convallis',58,1),(23,'eget','at',63,1),(24,'elit erat','ut eros',76,2),(25,'Nunc ac','ullamcorper',61,2),(26,'Aliquam','sapien.',66,1),(27,'velit dui,','Nullam',49,2);
INSERT INTO PRODUCTS (ID,NAME,DETAILS,PRICE,MEDIA_ID)VALUES (28,'elementum, dui','et netus',1,1),(29,'orci.','Mauris',41,2),(30,'posuere cubilia','Quisque',67,2),(31,'in','Morbi',37,2),(32,'Duis sit','ipsum. Curabitur consequat,',78,1),(33,'nibh','Nunc laoreet lectus',32,1),(34,'tincIDunt','turpis non enim.',36,1),(35,'sociis natoque','Aliquam fringilla',55,2),(36,'dictum eu,','arcu vel',43,1),(37,'eu','odio.',77,1);
INSERT INTO PRODUCTS (ID,NAME,DETAILS,PRICE,MEDIA_ID) VALUES (38,'mollis','Cras',62,1),(39,'a','scelerisque, lorem ipsum',48,2),(40,'elementum purus,','augue',55,2),(41,'pellentesque. Sed','aliquet.',58,1),(42,'sit amet,','interdum. Curabitur dictum.',84,1),(43,'ligula.','eget massa. Suspendisse',69,1),(44,'nisi','a',93,2),(45,'adipiscing','imperdiet ullamcorper.',86,1),(46,'Aliquam','eleifend',36,1),(47,'vitae, orci.','quam',28,2);
INSERT INTO PRODUCTS (ID,NAME,DETAILS,PRICE,MEDIA_ID) VALUES (48,'commodo at,','orci luctus',53,1),(49,'Nullam lobortis','risus varius orci,',38,2),(50,'velit in','magnis dis',43,1),(51,'ut, pharetra','diam. Proin',34,2),(52,'malesuada','Cras eu',96,2),(53,'pharetra nibh.','eget laoreet',14,1),(54,'volutpat. Nulla','sagittis',15,1),(55,'enim.','Aliquam vulputate',58,1),(56,'nec luctus','Aliquam gravIDa',5,2),(57,'mattis.','sed',41,2);
INSERT INTO PRODUCTS (ID,NAME,DETAILS,PRICE,MEDIA_ID) VALUES (58,'Maecenas','ante, iaculis nec,',65,2),(59,'magna. Nam','massa.',100,1),(60,'dapibus','lorem fringilla',55,2),(61,'senectus','nulla',78,1),(62,'semper,','velit. Quisque varius.',73,1),(63,'Aenean eget','arcu imperdiet ullamcorper.',13,1),(64,'lobortis. Class','dictum placerat, augue.',100,2),(65,'auctor','Duis sit amet',68,1),(66,'at, egestas','eu, eleifend nec,',13,2),(67,'ultrices.','Praesent eu',19,1);
INSERT INTO PRODUCTS (ID,NAME,DETAILS,PRICE,MEDIA_ID) VALUES (68,'ac, fermentum','metus',47,2),(69,'ipsum','risus varius orci,',69,1),(70,'sit amet','In mi',65,1),(71,'nunc','Nullam',47,1),(72,'amet','risus,',98,2),(73,'aliquet','molestie',2,1),(74,'ornare','Nunc commodo auctor',95,2),(75,'eros non','vel, faucibus',90,2),(76,'augue','libero dui',38,1),(77,'ante','mi',78,2);
INSERT INTO PRODUCTS (ID,NAME,DETAILS,PRICE,MEDIA_ID) VALUES (78,'Sed','vitae risus.',77,2),(79,'adipiscing lacus.','In',63,1),(80,'vehicula. Pellentesque','magna a',8,1),(81,'quis','nibh. Quisque nonummy',56,1),(82,'malesuada malesuada.','metus. Vivamus euismod',98,2),(83,'risus.','ultrices iaculis',63,1),(84,'semper et,','cursus',74,1),(85,'purus.','ultricies',49,1),(86,'nec,','Nullam vitae',82,1),(87,'elit','a,',5,2);
INSERT INTO PRODUCTS (ID,NAME,DETAILS,PRICE,MEDIA_ID) VALUES (88,'inceptos hymenaeos.','felis,',60,2),(89,'ID, libero.','inceptos hymenaeos.',88,2),(90,'cursus','Duis risus',11,2),(91,'fringilla. Donec','Nunc',54,1),(92,'nascetur','lectus rutrum',63,2),(93,'parturient','Suspendisse sagittis.',16,1),(94,'vitae, orci.','non arcu. Vivamus',83,1),(95,'nec, malesuada','consectetuer adipiscing',55,1),(96,'Proin','elit. Etiam laoreet,',61,1),(97,'consequat dolor','vestibulum lorem, sit',19,1);
INSERT INTO PRODUCTS (ID,NAME,DETAILS,PRICE,MEDIA_ID) VALUES (98,'a,','tellus. Phasellus',31,1),(99,'nisl. Maecenas','dictum magna. Ut',73,1),(100,'ultricies','velit. Quisque',92,1),(101,'ipsum. Suspendisse','elit, a feugiat',26,2),(102,'adipiscing','non leo.',70,1),(103,'lectus rutrum','mauris eu',36,1),(104,'dictum','interdum enim',51,2),(105,'vitae','dis parturient montes,',1,2),(106,'Vivamus','Nulla interdum. Curabitur',17,1),(107,'nonummy','et netus',24,1);


INSERT INTO PRODUCT_CATEGORIES (CATEGORY_ID,PRODUCT_ID) VALUES (2,8),(5,9),(1,10),(1,11),(4,12),(4,13),(2,14),(3,15),(3,16),(5,17);
INSERT INTO PRODUCT_CATEGORIES (CATEGORY_ID,PRODUCT_ID) VALUES (1,18),(3,19),(3,20),(4,21),(2,22),(5,23),(1,24),(4,25),(1,26),(5,27);
INSERT INTO PRODUCT_CATEGORIES (CATEGORY_ID,PRODUCT_ID) VALUES (3,28),(5,29),(4,30),(2,31),(2,32),(2,33),(2,34),(2,35),(3,36),(5,37);
INSERT INTO PRODUCT_CATEGORIES (CATEGORY_ID,PRODUCT_ID) VALUES (5,38),(1,39),(4,40),(4,41),(5,42),(4,43),(4,44),(3,45),(3,46),(4,47);
INSERT INTO PRODUCT_CATEGORIES (CATEGORY_ID,PRODUCT_ID) VALUES (3,48),(1,49),(2,50),(5,51),(4,52),(2,53),(2,54),(1,55),(1,56),(1,57);
INSERT INTO PRODUCT_CATEGORIES (CATEGORY_ID,PRODUCT_ID) VALUES (4,58),(1,59),(1,60),(3,61),(1,62),(1,63),(3,64),(4,65),(4,66),(1,67);
INSERT INTO PRODUCT_CATEGORIES (CATEGORY_ID,PRODUCT_ID) VALUES (4,68),(1,69),(4,70),(3,71),(1,72),(1,73),(3,74),(4,75),(4,76),(2,77);
INSERT INTO PRODUCT_CATEGORIES (CATEGORY_ID,PRODUCT_ID) VALUES (5,78),(1,79),(2,80),(3,81),(2,82),(5,83),(1,84),(1,85),(2,86),(2,87);
INSERT INTO PRODUCT_CATEGORIES (CATEGORY_ID,PRODUCT_ID) VALUES (2,88),(4,89),(5,90),(2,91),(4,92),(3,93),(1,94),(1,95),(3,96),(4,97);
INSERT INTO PRODUCT_CATEGORIES (CATEGORY_ID,PRODUCT_ID) VALUES (4,98),(1,99),(3,100),(4,101),(1,102),(5,103),(2,104),(3,105),(4,106),(2,107);


INSERT INTO TABLE_CATEGORIES (NAME, NUMBER, MEDIA_ID) VALUES ('InsIDe', '6', '1');
INSERT INTO TABLE_CATEGORIES (NAME, NUMBER, MEDIA_ID) VALUES ('OutsIDe', '4', '1');
INSERT INTO TABLE_CATEGORIES (NAME, NUMBER, MEDIA_ID) VALUES ('Balcony', '5', '2');
INSERT INTO TABLE_CATEGORIES (NAME, NUMBER, MEDIA_ID) VALUES ('Window sIDe', '4', '2');


INSERT INTO CUSTOMERS (NAME, SURNAME, PHONE, ADDRESS, MEDIA_ID) VALUES ('Gokalp', 'Unsal', '05350811300', 'Soyak Olympiakent Halkali Kucukcekmece',1);
INSERT INTO CUSTOMERS (NAME, SURNAME, PHONE, ADDRESS, MEDIA_ID) VALUES ('eu','aliquet','ornare','quam dignissim pharetra.',2),('malesuada','sem','nulla','parturient montes, nascetur rIDiculus mus.',1),('orci,','erat','lacus.','Integer mollis. Integer',2),('tincIDunt','sodales.','non','ultrices, mauris ipsum porta elit,',1),('Integer','dolor','magna','aliquam, enim',2),('sem','egestas','mattis.','ligula. Donec luctus',1),('tellus','turpis.','libero.','Etiam gravIDa molestie arcu.',2),('eros.','eget','tincIDunt','egestas. Duis ac arcu.',1),('fermentum','Duis','ipsum','nibh. Donec est mauris,',1),('fermentum','sit','Curabitur','lectus. Nullam suscipit, est ac',1);
INSERT INTO CUSTOMERS (NAME, SURNAME, PHONE, ADDRESS, MEDIA_ID) VALUES ('lacinia','ultricies','ac','ipsum. Phasellus vitae mauris',1),('ut','pede.','justo','nec quam. Curabitur vel lectus.',2),('hendrerit','at','rhoncus.','aliquet lobortis, nisi nibh',1),('natoque','eu','metus','libero. Proin mi.',2),('interdum','augue','Vivamus','dui. Fusce aliquam, enim',2),('Nunc','tempus','mi,','nec, diam.',1),('orci,','fames','a','metus. Vivamus',1),('eu','odio.','nec','Ut sagittis',2),('a','mollis','auctor,','justo. Praesent luctus. Curabitur',1),('non','interdum.','Integer','Nunc pulvinar arcu et',1);
INSERT INTO CUSTOMERS (NAME, SURNAME, PHONE, ADDRESS, MEDIA_ID) VALUES ('tincIDunt','sagittis','turpis.','convallis convallis dolor. Quisque',2),('Nunc','justo.','commodo','turpis egestas. Fusce',1),('mi','lectus.','sit','Pellentesque habitant',2),('aliquam,','leo','elementum','Cras lorem lorem, luctus ut,',1),('eu','egestas','ante','urna suscipit nonummy.',1),('ac,','quis','nunc','dui augue eu tellus. Phasellus',1),('eu,','senectus','pellentesque','sed, sapien. Nunc pulvinar arcu',2),('molestie','convallis','pede,','ligula. Aenean euismod mauris',2),('Morbi','dui.','lorem,','enim diam',2),('est','ultricies','eu','eu metus. In',2);
INSERT INTO CUSTOMERS (NAME, SURNAME, PHONE, ADDRESS, MEDIA_ID)VALUES ('Curae;','sem','est','dui. Fusce',2),('enim','ipsum.','Vestibulum','bibendum fermentum metus. Aenean',1),('accumsan','dictum','eget','aliquet magna a neque. Nullam',1),('aliquet','ac','facilisis','Mauris eu turpis. Nulla aliquet.',2),('ligula','libero','sed','in magna. Phasellus dolor elit,',2),('tellus','vehicula','metus','Vivamus nibh dolor, nonummy',1),('orci.','molestie','quam','mi felis, adipiscing',1),('dictum','aliquet','sociis','Pellentesque ut ipsum ac',2),('Integer','vulputate','rhoncus.','senectus et netus et',2),('ultrices','ligula','Donec','magna. Nam ligula',1);
INSERT INTO CUSTOMERS (NAME, SURNAME, PHONE, ADDRESS, MEDIA_ID) VALUES ('at,','Phasellus','lacus.','vel, mauris.',1),('sodales','nulla','risus.','Nunc commodo auctor',2),('convallis','est','Suspendisse','mollis. Duis sit',2),('libero','eget','Aliquam','Curabitur consequat, lectus',1),('Donec','magna.','Curae;','cursus in,',1),('Sed','mi.','mi','fermentum arcu. Vestibulum ante ipsum',1),('eget,','Curabitur','metus.','nec orci. Donec nibh.',2),('ut','feugiat.','Duis','Nunc sed orci lobortis',2),('pede','aliquet,','nunc','nec tellus. Nunc lectus pede,',1),('molestie','lobortis.','eget,','ultrices sit amet,',1);
INSERT INTO CUSTOMERS (NAME, SURNAME, PHONE, ADDRESS, MEDIA_ID) VALUES ('nisl','et','dignissim','est. Nunc laoreet lectus quis',1),('orci.','malesuada','Suspendisse','lacinia. Sed congue, elit',2),('ipsum','sit','in','dolor sit amet, consectetuer',1),('velit','Sed','Sed','rutrum non, hendrerit ID,',2),('sodales','Morbi','Nulla','dapibus ligula.',1),('cursus','purus,','ligula','Nunc sed orci lobortis augue',1),('ipsum','non','vel','aliquet lobortis, nisi nibh lacinia',1),('ipsum','vel','ullamcorper','laoreet ipsum. Curabitur',1),('rhoncus','Etiam','tempor','Nam nulla magna, malesuada',2),('dolor,','Proin','erat.','tincIDunt pede ac',2);
INSERT INTO CUSTOMERS (NAME, SURNAME, PHONE, ADDRESS, MEDIA_ID) VALUES ('dui','commodo','urna.','mauris ut mi. Duis risus',1),('ID,','ornare.','ante','enim diam vel',1),('interdum','est','lacus.','Duis ac arcu.',1),('varius','eu,','eu','nunc risus varius orci,',1),('molestie','sapien.','non','Integer urna.',1),('libero.','faucibus','Curabitur','dictum mi, ac mattis velit',2),('tortor.','nec','molestie','parturient montes,',1),('et','Phasellus','eu','Duis gravIDa. Praesent',2),('metus','Curae;','faucibus.','orci sem eget',2),('eget','magna.','quis,','ut, nulla. Cras eu tellus',2);
INSERT INTO CUSTOMERS (NAME, SURNAME, PHONE, ADDRESS, MEDIA_ID) VALUES ('turpis','tincIDunt','mauris','Nullam nisl.',2),('rutrum,','magna.','dictum.','lacus. Nulla tincIDunt, neque',1),('tempus','facilisis','magna.','Morbi vehicula. Pellentesque tincIDunt tempus',1),('lacus.','ligula.','consequat','Fusce diam nunc,',2),('Maecenas','morbi','ultrices','blandit viverra. Donec tempus,',2),('amet,','mi','est','nec, malesuada ut, sem.',1),('a','Fusce','pede','sodales. Mauris',2),('Nam','enim,','parturient','malesuada augue ut lacus. Nulla',2),('blandit.','Pellentesque','ultrices','nunc est, mollis',1),('hendrerit.','Sed','est','sem ut cursus',2);
INSERT INTO CUSTOMERS (NAME, SURNAME, PHONE, ADDRESS, MEDIA_ID) VALUES ('Vivamus','Sed','sapien,','Aliquam nisl. Nulla',2),('accumsan','sodales','Praesent','Cum sociis natoque penatibus',2),('eu','Nunc','orci','est tempor',2),('Integer','nonummy','magna.','pede. Cum sociis natoque',2),('eu','amet','eget','mi felis, adipiscing fringilla, porttitor',1),('ullamcorper','dolor','laoreet,','odio, auctor',2),('eget,','Donec','neque','nec ligula consectetuer rhoncus.',1),('egestas','Nunc','Praesent','faucibus ID, libero. Donec consectetuer',2),('convallis','vulputate,','sapien','eget, volutpat ornare,',2),('mattis.','enim','rIDiculus','gravIDa molestie arcu. Sed',2);
INSERT INTO CUSTOMERS (NAME, SURNAME, PHONE, ADDRESS, MEDIA_ID) VALUES ('ID','odio','commodo','nunc sit amet',2),('Phasellus','Donec','mollis.','sem. Nulla interdum.',2),('laoreet','ante','pede,','orci, consectetuer euismod',1),('accumsan','mi.','Ut','lobortis augue scelerisque mollis.',1),('Cras','nec','ID','tempus, lorem fringilla ornare placerat,',2),('gravIDa','risus.','a,','mi, ac mattis',1),('pede','tortor.','non,','Vivamus non lorem vitae',1),('est,','magna.','pellentesque','Integer ID magna et ipsum',1),('magna','ut,','montes,','Nullam ut nisi a odio',1),('porttitor','condimentum','quam','eu nibh vulputate mauris',1);


--INSERT INTO Media (NAME, FILE_CONTENT) VALUES(1, LOAD_FILE('D:/codes/restaurant/RestaurantApi/src/main/resources/db-changelog/pic.png'));
--INSERT INTO Media (NAME, FILE_CONTENT) VALUES(2, LOAD_FILE('D:/codes/restaurant/RestaurantApi/src/main/resources/db-changelog/indir.png'));